{
  "users": {},
  "groups": {},
  "statistic": {},
  "sticker": {},
  "stickercmd": {},
  "setting": {},
  "menfes": {},
  "tictactoe": {},
  "petakbom": {},
  "casino": {},
  "chess": {},
  "metadata": {},
  "premium": {},
  "sewabot": {},
  "server": {},
  "panel": {},
  "renewpanel": {},
  "autodonation": {},
  "jadibot": [],
  "owner": [
    "6288708070173@s.whatsapp.net"
  ],
  "developer": [],
  "blockcmd": [],
  "paydata": [],
  "testi": [],
  "error": [],
  "limit": {
    "limit": 10,
    "data": []
  },
  "burden": [],
  "newsletter": {
    "0029VahsHCv3gvWTCnC4qP26": {
      "id": "120363310357757314@newsletter",
      "name": "Ryaa Sky"
    },
    "0029VaU3j0z2ER6liR0MY601": {
      "id": "120363261409301854@newsletter",
      "name": "yαudαh iyα || ꪱ𝗇𝖿𝗈 𝖻𝗈𝗍"
    }
  },
  "chats": {},
  "script": {},
  "deposit": {},
  "respon": {},
  "werewolf": {},
  "stickerwarn": [
    "kxRI+m8LG1A73F4DmHM2RB++SBkyw/fHBlLCOp677dw="
  ],
  "done": [],
  "proses": [],
  "processedAlarms": {},
  "sentAdzans": {},
  "settings": {
    "6285700408187@s.whatsapp.net": {
      "packname": "✧ ALL 𖹭 ELL ˚. ✦ ⋆˙𓄹",
      "author": "",
      "prefix": "!",
      "self": false,
      "autoreadsw": true,
      "anticall": true,
      "caller": [],
      "owners": [],
      "antivirtex": false,
      "antidelete": true,
      "antiedited": false
    }
  },
  "joined": [
    "6285700408187"
  ],
  "saldo": [
    {
      "id": "62895415497664@s.whatsapp.net",
      "saldo": 99962
    }
  ]
}